fq_name,count
numpy,163
tensorflow,35
ConfigParser,35
pymongo,23
utils,133
rstcloth,1
yaml,39
sphinx.errors,1
giza.config.runtime,1
giza.config.helper,3
sphinx.highlighting,1
pygments.lexers.web,2
sphinx.builders.gettext,1
docutils,16
sphinx.versioning,1
jira,1
cyclone,4
pkg_resources,103
web,6
restmq,5
urllib2,81
redis,18
myconfig,1
myloader,1
statgrab,1
simplemonitor,1
dispatcher,3
requests,58
pycurl,3
setuptools,195
twisted.python,15
twisted.internet,28
twisted.internet.protocol,5
twisted.protocols.basic,2
twisted.python.reflect,5
twisted,3
zope.interface,8
twisted.plugin,6
twisted.application,7
net.grinder.script,2
net.grinder.plugin,2
HTTPClient,1
java.util,2
twisted.web,17
md5,17
setuptools.command.easy_install,8
easy_install,4
librosa,5
audio_utils,1
cPickle,48
scipy.io,7
six,51
scipy,43
matplotlib,59
soundfile,2
keras,24
kapre,1
theano,15
pydub,2
preprocess,10
config,68
data,11
model,19
numpy.lib.stride_tricks,1
scipy.interpolate,3
scipy.signal,5
matplotlib.patches,2
matplotlib.ticker,11
matplotlib.colors,7
matplotlib.collections,3
scipy.linalg,1
tensorflow.contrib.rnn,11
librosa.display,1
pylab,8
kapre_helpers,1
keras.layers,59
keras.models,12
kapre.time_frequency,2
keras.callbacks,6
osvos,1
tensorflow.contrib.layers,11
PIL,53
dataset,4
theano_nnet_imports,1
costs,1
filelock,3
debug,10
conf,11
layers,7
networks,1
preprocessing,1
trainers,1
tensor,1
theano.tensor.signal,3
func,2
trainer_config,1
theano.sandbox.rng_mrg,1
theano.tensor.shared_randomstreams,2
dummy_loop_utils,2
theano.tensor.var,1
neural_var,1
env,2
tensor_conversion,4
disconnected_grad,1
loop,1
comp_graph,1
theano.ifelse,2
graph,2
runtime,2
theano.sandbox.cuda,1
theano.compat,3
six.moves,32
theano.compile,4
theano.tensor,2
theano.updates,1
theano.scan_module,2
theano.scan_module.scan_utils,2
theano.sandbox,2
theano.gradient,1
visualization,1
detect_nan,1
monitor,4
debug_functions,2
ipdb,5
map_dict,1
dim_to_var,1
fake_generator,1
initializers,1
scanner,3
stream_pickler,1
timer,1
recurrent,2
theano.tensor.nnet,2
layer,1
conv,1
dense,1
activation,1
batch_norm,1
bias,1
chain,1
combine,1
concat,1
dimshuffle,1
dropout,1
flatten,1
gru,1
irnn,1
lstm,1
maxout,1
onehot_embed,1
plstm,2
prelu,1
reshape,1
reveal_dimension,1
reverse3d,1
softmax,1
softmax3d,1
word_embed,1
block,1
attention,1
wrapper,2
functions,12
onehot,2
theano_imports,1
activations,1
basic,1
mnist,1
mini_batch,1
sequence,1
seq_mini_batch,1
binarized_mnist,1
bunch_seq,1
ondisk_dataset,1
data_processor,1
padding,2
platoon.channel,2
platoon.param_sync,2
worker,2
auto_encoder,1
classifier,2
network,19
regressor,1
controllers,2
base,18
optimize,1
annealers,1
customize_trainer,1
util,76
delayed_trainers,1
scipy_trainer,1
train_logger,1
cores.ada_family,1
cores.adam,1
cores.rmsprop,1
cores.momentum,1
core,7
elastic_distortion,1
cost,1
vocab,1
lmdataset,1
lm,1
tutorial2,1
flask,145
flask.ext.socketio,2
agent,1
baseline_trainer,1
baseline_model,1
first_glimpse_model,1
first_glimpse_trainer,1
highway_layer,1
variational_autoencoder,1
train_vae,1
ansible,6
ansible.utils,1
simplejson,20
selinux,1
ansible.callbacks,3
ansible.runner,1
urlparse,98
ansible.color,2
systemd,1
storage,22
bitarray,1
StringIO,54
q3_word2vec,2
q3_sgd,6
q1_softmax,4
q2_sigmoid,4
q2_gradcheck,2
sklearn.linear_model,6
sklearn.metrics,12
general_utils,4
q2_parser_transitions,3
q2_initialization,2
data_util,10
ner_model,2
defs,12
q2_rnn_cell,2
q3_gru_cell,2
mock,68
pytest,23
start,3
pyvona,1
pywapi,1
psutil,30
wikipedia,1
tweepy,1
actions_db,1
pyaudio,1
snowboydetect,1
pyicloud.exceptions,1
wikipedia.exceptions,1
horoscope_generator,1
netifaces,10
pyicloud,1
pushbullet,1
imgurpython,1
bs4,20
profile_loader,1
flask_socketio,3
utilities,1
profile_populator,1
pycrfsuite,1
probableparsing,1
parserator.training,1
ordereddict,9
lxml,30
nltk,10
svmlight,1
nltk.chunk,2
nltk.corpus,2
nltk.tag.util,1
nltk.corpus.reader,7
nltk.tag.sequential,1
nltk.probability,4
nltk.tag,7
pattern.en,2
nltk.chunk.util,2
nltk.tree,1
nltk.corpus.util,1
nltk.compat,1
nltk.tag.simplify,1
scikits.learn.base,1
scikits.learn.feature_extraction,1
scikits.learn.svm,1
scikits.learn.pipeline,1
nltk.classify,7
nltk.classify.svm,1
sklearn.feature_extraction.text,3
sklearn.pipeline,2
sklearn,16
nltk.metrics,5
nltk.tokenize,2
nltk.util,1
nltk.classify.util,1
nltk.stem,1
dulwich,6
chardet,11
ctags,2
markdown,9
jinja2,34
httpauth,1
werkzeug,19
klaus_cli,1
httplib,81
dulwich.objects,2
dulwich.object_store,1
dulwich.errors,3
werkzeug.middleware.proxy_fix,1
humanize,6
flask.views,2
werkzeug.wrappers,10
werkzeug.exceptions,17
docutils.core,5
docutils.writers.html4css1,3
dulwich.lru_cache,1
pygments,12
pygments.lexers,16
pygments.formatters,6
dulwich.repo,2
cElementTree,3
elementtree,1
xmlrpclib,20
re2,1
Queue,40
pefile,1
peutils,1
SocketServer,19
dpkt,3
pycares,1
lief,1
cStringIO,41
regex,4
networkx,5
olefile,2
key_expander,1
aes_cipher,1
test_keys,1
aes,1
htmlentitydefs,11
jsbeautifier,3
PyV8,1
lzw,1
pype32,1
yara,3
ntpath,7
bson,5
magic,2
pydeep,1
clamd,1
dns,7
libvirt,2
tldextract,2
sqlalchemy,128
XenAPI,1
pymisp,2
dateutil,11
cybox,1
cybox.utils,2
maec,1
mixbox,1
construct,3
mwcp,4
elftools.elf,4
commands,17
database,3
createIOC,1
ioc,1
pygal,1
volatility,7
volatility.plugins.malware,2
volatility.plugins,4
volatility.win32,1
xmltodict,1
GeoIP,2
imagehash,1
pcre,1
ImageChops,1
ImageGrab,1
ImageDraw,1
generatedssuper,1
socks5man.manager,1
elasticsearch,15
sqlalchemy.ext.declarative,7
sqlalchemy.exc,11
sqlalchemy.orm,30
networkx.drawing.nx_pydot,1
oletools.olevba,6
aespython,3
aes_tables,5
PDFUtils,6
PDFCrypto,1
JSAnalysis,1
PDFFilters,2
jsbeautifier.unpackers,4
ccitt,1
Crypto.Cipher,27
pbkdf2,1
sflock,1
sflock.unpack.office,1
sflock.abstracts,1
sflock.exception,1
sqlalchemy.sql,18
sqlalchemy.types,4
django.core.validators,13
pyattck,1
scapy.utils,29
scapy,43
django.http,53
django.shortcuts,29
malwareconfig,1
plugxconfig,1
django.conf.urls,41
django.conf,18
django.template,60
django.views.decorators,27
ratelimit.decorators,1
bson.objectid,7
django.contrib.auth,115
django.contrib,21
django.core.wsgi,13
secret_key,2
django.utils.crypto,4
local_settings,2
settings,32
django,39
django.core.exceptions,34
django.template.defaultfilters,10
django.core.management,66
SimpleXMLRPCServer,11
cuckoo,2
nose.tools,32
bottle,29
jinja2.loaders,1
jinja2.environment,1
requests.auth,2
flask_restful,7
pymongo.errors,5
alembic,14
dateutil.parser,6
pymongo.connection,1
pyVim.connect,1
requests.packages.urllib3,3
cybox.core,1
cybox.common,2
maec.bundle,5
maec.package,3
weasyprint,1
bson.binary,2
construct.core,4
construct.lib,1
mwcp.utils,5
mwcp.utils.construct,4
future.builtins,48
mwcp.parser,1
Crypto.Util,5
Crypto.PublicKey,8
kordesii.kordesiireporter,1
mwcp.utils.stringutils,1
mwcp.parsers,3
mwcp.reporter,1
mwcp.resources,1
mwcp.resources.dispatcher,5
mwcp.utils.logutil,1
androguard.core.bytecodes,2
M2Crypto,5
whois,1
oletools,1
oletools.oleid,1
oletools.rtfobj,2
oletools.msodde,1
dns.reversename,1
suricatasc,1
mmbot,1
rarfile,4
scapy.layers,10
Gnuplot,3
pyx,2
pcap,2
pcapy,2
dnet,2
sha,11
__builtin__,20
popen2,2
new,5
visual,2
arch,9
plist,4
base_classes,16
themes,4
thread,22
packet,5
sendrecv,8
error,21
urwid,2
common,10
flowlist,1
flowview,1
help,2
grideditor,1
palettes,1
contentview,1
flowdetailview,1
BaseHTTPServer,27
Image,5
netlib,9
pyamf,3
HTMLParser,13
sre_constants,8
flow,1
filt,1
contrib,1
Cookie,12
cookielib,7
tnetstring,1
script,1
encoding,1
proxy,5
controller,1
version,6
app,2
pf,1
linux,2
osx,1
stream,2
parser_mysql,1
parser_postgres,1
paramiko,8
zcrypto,1
routers,1
parse_cmd,1
session_manager,1
unix,2
scapy.error,10
pcapdnet,2
scapy.config,4
scapy.base_classes,6
scapy.sendrecv,13
scapy.layers.l2,12
scapy.data,9
scapy.arch,8
UserDict,12
scapy.supersocket,4
bsd,2
solaris,2
windows,2
asn1,22
scapy.dadict,4
scapy.volatile,3
dadict,4
fields,42
asn1fields,2
asn1packet,2
route,2
utils6,2
route6,2
supersocket,4
volatile,4
as_resolvers,2
ansmachine,2
automaton,2
autorun,2
main,8
Crypto,16
scapy.plist,4
scapy.layers.inet,11
scapy.layers.netbios,2
scapy.automaton,4
modules.geo,1
scapy.layers.ppp,2
scapy.layers.inet6,7
scapy.ansmachine,2
scapy.as_resolvers,2
scapy.layers.dns,6
scapy.packet,8
scapy.all,16
scapy.layers.rtp,2
scapy.main,2
PIL.ExifTags,2
ExifTags,1
OpenSSL,12
colors,3
module,1
zoption,1
dos,1
poison,1
arp,1
attack,1
libmproxy,3
sniffer.sniffer,1
sniffer,2
password_parser,1
service,3
stubssh,2
default_passwords,1
parameter,1
pylast,2
mutagen,1
bcrypt,4
unittest2,8
flask.ext.restless,5
flapi.models,2
flask.ext.restful,6
flask.ext.compress,1
slugify,1
flask.ext,4
docopt,5
sqlalchemy.orm.exc,3
flask.ext.sqlalchemy,5
itsdangerous,10
sqlalchemy.sql.expression,8
sqlalchemy.dialects.postgresql,2
nose,14
tasks,2
paths,3
emulators,1
pastebin,1
filesystem,1
appdirs,2
roms,1
backing_store,1
configuration,3
grid_image_provider,1
cache,1
consoles,2
win32file,7
py2exe,2
pysteam.steam,2
runner,1
human_readable_error,1
env_checker_error,1
pysteam,5
engine,1
environment,1
grid,1
shortcuts,3
steam,1
logs,1
cli,1
gridproviders.combined_provider,1
gridproviders.consolegrid_provider,1
gridproviders.local_provider,1
persistence.backed_object_manager,1
persistence.config_file_backing_store,1
persistence.adapters.console_adapter,1
persistence.adapters.emulator_adapter,1
error.path_existance_error,1
error.process_running_error,1
error.writable_path_error,1
fixtures,7
mockito,1
nose_parameterized,1
testinfra,1
pip.req,4
pyric,2
roguehostapd,1
roguehostapd.config,1
tornado,50
tornado.platform,1
tornado.escape,7
torch,33
torchvision,14
torch.nn,18
dataloader,1
tf_recorder,1
torch.autograd,6
custom_layers,1
torch.optim,1
tqdm,10
torch.utils.data,11
torchvision.datasets,1
tensorboardX,8
torch.nn.init,2
cv2,15
torch.utils,7
json_tricks,3
pycocotools,1
crowdposetools,1
torch.backends,6
munkres,1
utils.utils,9
utils.vis,2
yacs.config,3
torchvision.transforms,5
pycocotools.cocoeval,2
pycocotools.coco,3
crowdposetools.cocoeval,1
crowdposetools.coco,1
torch.nn.parameter,1
core.inference,6
core.group,1
utils.transforms,3
core.loss,3
core.trainer,1
DBUtils,3
psycopg2,22
MySQLdb,19
kinterbasdb,1
pymssql,2
cx_Oracle,6
memcache,7
pylibmc,7
futures,1
dummy_threading,11
models,821
tornado.options,14
sets,16
sqlalchemy.engine,5
tornado.util,2
redis.connection,6
tornado.ioloop,7
tornado.log,3
loggers,1
client,9
tornado.web,21
mako.lookup,2
tornado.template,2
jinja2.runtime,1
tornado.concurrent,3
dispatch,1
tornado.netutil,4
settings_manager,1
mixins.exception,1
exception,5
mixins.miiddleware,1
tornado.gen,2
sqlalchemy.pool,4
webserver,2
urlhelper,3
exceptions,19
application,1
logger,4
pandas,23
Orange,1
sklearn.preprocessing,7
sklearn.model_selection,6
skimage.transform,1
keras.optimizers,13
keras.utils,6
keras.preprocessing.sequence,1
keras.wrappers.scikit_learn,1
utils.generic_utils,5
utils.constants,4
keras.engine,2
keras.legacy,1
joblib,5
utils.keras_utils,6
utils.layer_utils,1
cProfile,14
nlpnet,2
scipy.cluster.vq,3
sklearn.cluster,5
scipy.linalg.lapack,1
nlpnet.taggers,1
nlpnet.network,1
nlpnet.pos.pos_reader,1
nlpnet.attributes,1
nlpnet.metadata,1
nlpnet.word_dictionary,1
SentenceSplitter,1
Tokenizer_it,1
corpus,2
embeddings,1
word_dictionary,1
tagger,1
reader,5
Cython.Build,4
alerters,2
pygerduty,2
hipchat,1
statsmodels,2
algorithms,2
msgpack,8
daemon,5
listen,1
roomba,1
algorithm_exceptions,1
analyzer,1
core.evaluate,3
core.function,10
utils.modelsummary,1
boto,19
validictory,1
capnp,2
hotshot,8
dbgp,1
java,1
pymysql,4
exp_description_api,1
asteval,1
opf_utils,3
opf_environment,1
configuration_test,1
spatial_pooler_py_api_test,1
serializable_test_capnp,1
pca_knn_data,1
nupic_anomaly_output,1
nupic_output,1
prettytable,2
numarray,27
Numeric,29
artist,2
transforms,9
Tkinter,6
qt,1
wx,3
pyemf,1
gobject,1
gtk,3
pango,1
cairo,3
FileDialog,2
tkagg,1
tkMessageBox,3
backend_wx,12
fltk,1
objc,1
colorbar,1
PyQt4,8
cbook,13
boto.s3.key,3
function_source,1
numpy.linalg,5
knn_classifier_region,1
pymysql.constants,1
DBUtils.PooledDB,2
scalar,1
random_distributed_scalar,1
adaptive_scalar,1
date,1
logarithm,1
category,1
sdr_category,1
delta,1
scalar_space,1
coordinate,1
geospatial_coordinate,1
pass_through,1
sparse_pass_through,1
multi,1
pyproj,5
hypersearch_v2,1
IPython.Shell,6
safe_interpreter,1
htm_prediction_model,1
two_gram_model,1
previous_value_model,1
prediction_metrics_manager,1
numpy.testing,1
network_creation_common,1
extensive_tm_test_base,1
swarm_description,1
tzinfo,4
tzfile,1
numpy.ma,1
mpl_toolkits.natgrid,1
MA,1
maskedarray,1
numpy.core,1
FFT,1
numpy.oldnumeric,17
numpy.dft,1
numarray.linear_algebra,1
MLab,1
numpy.lib,1
numarray.numeric,1
numarray.convolve,2
Matrix,1
numpy.oldnumeric.matrix,1
mlab,3
RandomArray,1
numpy.random,5
LinearAlgebra,1
font_manager,1
patches,7
lines,3
encodings,6
backend_agg,1
backend_qt,7
tkFileDialog,3
backend_ps,1
backend_svg,1
backend_qt4,8
Foundation,1
AppKit,6
PyObjCTools,2
dateutil.rrule,17
dateutil.relativedelta,4
triangulate,2
interpolate,3
numpy.dual,1
path,2
ticker,20
text,3
axes,3
image,1
legend,1
projections,3
dates,1
rcsetup,4
geo,3
polar,1
backends.backend_emf,1
backends.backend_ps,1
backends.backend_pdf,1
backends.backend_agg,1
backends.backend_svg,1
setuptools.command.test,9
lasagne,2
GermEvalReader,2
BIOF1Validation,1
GermEvalReader_with_casing,1
keras.layers.core,18
keras.layers.embeddings,1
unidecode,1
keras.utils.theano_utils,4
keras.constraints,1
keras.preprocessing,1
keras.datasets,7
keras.regularizers,5
docutils.languages.af,1
sphinx_rtd_theme,5
pygame,39
sdl2,1
pyglet,1
OpenGL,13
ToolKit,1
imgui,1
cpngfilters,2
triangle,1
glfw,2
PyQt5,7
PySide,8
PySide2,3
imgui.integrations.glfw,1
Cython.Distutils,3
imageio.plugins.ffmpeg,1
OpenGL.plugins,1
OpenGL.GL.EXT,1
OpenGL.GL.NV,1
OpenGL.GL.ARB,2
scipy.spatial.distance,2
galaxy_specrend,1
galaxy_simulation,1
PyQt5.QtWidgets,4
scipy.special,1
boto3,6
osmium,1
shapely,2
tflearn,1
osgeo,3
openstreetmap_labels,1
geo_util,3
naip_images,2
tflearn.layers.conv,2
django.db,63
alsaaudio,1
flask_bootstrap,1
flask_cors,6
gevent.wsgi,2
gevent,22
connect_ffi,3
connect,1
console_callbacks,7
lastfm,2
cffi,2
plac,1
Cython,2
fabric.api,12
fabric.operations,3
fabric.contrib.files,1
fabfiles,1
emailprotectionslib,2
colorama,13
chumpy,4
skimage,4
lbs,1
pyrender,1
trimesh,1
opendr.camera,3
opendr.renderer,9
opendr.lighting,3
psbody.mesh,1
absl,4
config_test,1
run_RingNet,1
posemapper,2
chumpy.ch,2
verts,1
progressbar,9
es2csv,1
backports,2
archive,2
biplist,2
code_resources,1
signable,1
macho_cs,2
macho,1
signer,3
bundle,5
codesig,6
makesig,1
memoizer,1
isign_base_test,1
monitor_temp_file,1
nose.plugins.skip,2
jpype,1
scipy.integrate,1
statsmodels.nonparametric.kernel_regression,1
sklearn.ensemble,6
statsmodels.regression.linear_model,2
statsmodels.robust.robust_linear_model,1
statsmodels.discrete.discrete_model,1
sklearn.neighbors,3
networkx.algorithms,1
statsmodels.nonparametric.kernel_density,3
future_builtins,4
requests_cache,1
sasl,1
thrift.transport,6
thrift_sasl,1
thrift.protocol,4
kerberos,1
thrift.transport.TTransport,4
future.utils,43
sqlalchemy.schema,6
past.builtins,33
requests_kerberos,2
sqlalchemy.databases,1
sqlalchemy.sql.compiler,1
thrift.Thrift,11
thrift.protocol.TProtocol,1
djangotoolbox.fields,5
django.views.generic,45
django.contrib.admin,71
gridfsuploads.models,1
gridfs.errors,1
gridfsuploads,1
django.db.models,190
django.db.utils,12
pymongo.objectid,2
django.test,20
django.utils.unittest,44
django.utils.translation,34
django.contrib.sites,8
gridfs,4
pymongo.mongo_client,1
pymongo.database,1
pymongo.collection,1
django.core.files,29
settings_base,1
django.core.serializers,8
django.core,17
django.db.backends,43
pymongo.mongo_replica_set_client,1
bson.errors,1
djangotoolbox.db.base,6
djangotoolbox.db.utils,1
pymongo.cursor,2
south.modelsinspector,1
django.utils.encoding,16
django.utils.tree,2
djangotoolbox.db.basecompiler,6
djangotoolbox.db.creation,1
south.db.generic,1
xlsxwriter,1
thready,1
apsw,1
bayeslite,30
grammar,2
cgpm_alter,2
cgpm_analyze,1
cgpm_schema,1
loom,2
bayeslite.shell,3
pexpect,6
kl,1
threshold,2
bayeslite.backends,1
test_core,1
test_csv,1
bayeslite.backends.cgpm_alter,1
bayeslite.backends.cgpm_analyze,1
Machines,2
MacOS,1
Errors,2
Actions,4
DFA,1
Regexps,21
Test,1
pascal,1
chacha,1
bayeslite.exception,3
bayeslite.guess,2
bayeslite.read_csv,2
bayeslite.sqlite3_util,5
bayeslite.util,7
bayeslite.regress,1
bayeslite.backends.cgpm_schema,2
cgpm.mixtures.view,1
bayeslite.backend,6
bayeslite.math_util,6
cgpm.crosscat.engine,1
distributions.io.stream,1
loom.cFormat,1
bayeslite.core,13
bayeslite.stats,1
bayeslite.bayesdb,3
bayeslite.nullify,1
bayeslite.parse,1
bayeslite.quote,1
bayeslite.schema,4
bayeslite.txn,1
bayeslite.version,1
bayeslite.backends.cgpm_backend,1
bayeslite.shell.hook,1
stochastic,2
test_loom_backend,1
test_stats,1
bayeslite.backends.loom_backend,1
cgpm.cgpm,1
cgpm.dummy.barebones,1
cgpm.dummy.piecewise,1
cgpm.dummy.trollnormal,1
cgpm.factor.factor,1
cgpm.regressions.linreg,1
cgpm.utils,1
cgpm.regressions.forest,1
cgpm.venturescript.vscgpm,1
test_cgpm,1
bayeslite.backends.iid_gaussian,1
bayeslite.backends.nig_normal,1
bayeslite.read_pandas,1
test_parse,1
Transitions,2
Timing,1
Lexicons,2
Scanners,1
build,1
parse,3
report,1
ccruft,5
action,1
configlist,1
plink,2
set,2
table,1
msort,1
acttab,1
weakprng,1
setuptools.command.build_py,2
setuptools.command.sdist,6
dm.xmlsec,1
isodate,1
defusedxml.minidom,1
dm.xmlsec.binding,2
defusedxml.lxml,3
freezegun,1
lxml.etree,8
beaker.middleware,3
paste,3
django.core.urlresolvers,21
pyramid.httpexceptions,3
pyramid.view,1
pyramid.config,1
pyramid.session,1
misaka,1
wtforms,12
wtforms.validators,13
flask.ext.babel,4
flask.ext.wtf,2
speaklater,1
babel,10
wtforms.ext.i18n,1
wtforms.fields.html5,2
flask_babel,3
flask_mail,2
flask.ext.cache,1
flask.json,1
werkzeug.datastructures,30
markupsafe,2
alembic.config,4
wsgi,1
babel.messages,1
flask_script,6
livereload,1
jarray,1
java.lang.reflect,1
java.io,1
java.net,2
ez_setup,3
SimpleHTTPServer,6
pywrapfst,1
java.lang,1
javax.swing,13
javax.swing.table,3
com.ziclix.python,1
cliff.app,1
cliff.commandmanager,1
cliff.command,1
cliff.lister,1
symautomata.dfa,1
symautomata.alphabet,1
symautomata.flex2fst,1
SimpleWebSocketServer,1
sfalearn.angluin_sfa,1
symautomata.cfgpda,1
cliff.complete,1
burp,4
java.awt.event,2
javax.swing.event,1
eliot,15
attr,2
treq,2
foolscap.logging,2
txi2p,1
txtorcon,1
coverage,7
zfec,1
gdchart,1
click,13
zope,2
web_reliability,1
provisioning,1
reliability,1
pytest_twisted,1
html5lib,3
twisted.python.filepath,2
twisted.web.template,7
autobahn.twisted.resource,1
autobahn.twisted.websocket,7
twisted.web.resource,4
hyperlink,2
twisted.web.util,4
eliot.twisted,2
twisted.web.iweb,4
twisted.web.server,3
twisted.python.failure,1
twisted.internet.defer,12
twisted.cred.credentials,1
twisted.cred.portal,2
twisted.cred.checkers,1
twisted.cred.error,1
twisted.web.guard,1
twisted.internet.interfaces,9
twisted.python.urlpath,1
twisted.web.http,5
twisted.web.html,1
twisted.trial,2
twisted.internet.testing,1
twisted.internet.test,1
testtools,6
testtools.matchers,18
twisted.python.runtime,1
twisted.python.monkey,1
twisted.internet.task,5
testtools.twistedsupport,7
autobahn.twisted.testing,3
treq.client,2
treq.testing,2
twisted.web.test,2
twisted.internet.error,6
hypothesis,5
hypothesis.strategies,12
twisted.web.http_headers,2
foolscap.api,19
twisted.web.error,2
twisted.internet.endpoints,4
twisted.trial.unittest,1
foolscap.pb,1
twisted.python.log,2
foolscap.logging.incident,1
foolscap.logging.log,1
foolscap.furl,1
eliot.testing,4
twisted.cred,4
twisted.conch,3
twisted.conch.ssh,25
foolscap.ipb,2
tenacity,2
twisted.internet.utils,1
foolscap.eventual,3
twisted.web.static,1
twisted.logger,4
foolscap.connections,3
prometheus_client.openmetrics,1
twisted.web.client,2
testtools.content,1
twisted.python.usage,3
zope.interface.verify,1
twisted.application.service,5
twisted.python.modules,1
pyutil,2
foolscap,6
foolscap.util,1
pyutil.mathutil,8
attr.validators,2
twisted.python.logfile,1
pyutil.assertutil,2
cryptography.hazmat.backends,6
cryptography.hazmat.primitives,30
cryptography.exceptions,2
twisted.python.components,2
past.utils,5
foolscap.connections.tcp,2
twisted.scripts,1
wormhole,1
collections_extended,1
cbor2,2
klein,1
nacl.hash,1
nacl.encoding,1
win32api,13
win32con,11
twisted.application.internet,3
twisted.conch.checkers,2
twisted.conch.interfaces,4
twisted.conch.avatar,1
twisted.conch.openssh_compat,1
twisted.protocols,1
twisted.internet.address,2
future,8
foolscap.referenceable,1
foolscap.reconnector,1
pyrrd,1
pyrrd.rrd,3
zope.interface.advice,1
zope.interface.exceptions,2
zope.interface.interface,3
twisted.python.procutils,1
axiom.item,1
axiom.attributes,3
axiom.upgrade,1
nevow,5
nevow.inevow,1
foolscap.schema,2
setuptools.command,7
twisted.internet.threads,1
paramiko.rsakey,1
boltons.funcutils,1
posixpath,15
paramiko.client,1
paramiko.sftp_client,1
paramiko.ssh_exception,1
mongoengine,19
pygments.style,5
pygments.token,55
flask.ext.superadmin,9
wtforms.fields,8
flask.ext.babelex,2
wtforms.ext.django,1
django.contrib.localflavor,123
orm,2
wtforms.ext.sqlalchemy,5
mongoengine.fields,9
mongoengine.base,1
wtforms.widgets,1
flask_wtf.file,1
monkeypatch_timeit,1
dotenv,2
pyximport,1
cdecimal,4
coinbase,1
money,1
selenium,8
ofxclient,1
praw,1
phonenumbers,1
delorean,4
heroku,1
rq,2
sure,3
raven,3
termcolor,6
pytz,19
prompter,1
tornadotoad,3
uimodules,1
pika,3
line_profiler,1
sqlalchemy.dialects.mysql,1
metric_types,1
sqlalchemy.ext.hybrid,1
requests_toolbelt,1
requests_toolbelt.cookies.forgetful,1
requests_futures.sessions,1
exponential_moving_average,1
matplotlib.finance,1
simple_moving_average,1
rsi,1
scipy.stats,1
exchange_order,1
more_itertools,3
bitstamp,1
selenium.webdriver.common,7
selenium.webdriver.support,12
cement.core,3
cement.ext.ext_argparse,1
IPython,10
sqlalchemy.dialects,1
tinkerpy.models.trade,1
tinkerpy.models.order,1
admin_base,1
mixins.start_and_end_time,1
tinkerpy.exchange.exchange_factory,1
kraken_orderbook_poller,1
txredis.client,1
alchimia,1
pika.adapters,1
deploy_utils,1
views,13
owl_config,1
quota_injector,1
zookeeper,2
dbutil,1
metric_helper,1
metric_view_config,1
build_owl,1
build_supervisor,1
build_tank,1
build_utils,2
deploy_config,1
virtualenv,1
deploy_hbase,1
deploy_hdfs,1
deploy_zookeeper,1
deploy_yarn,1
deploy_impala,1
deploy_kafka,1
deploy_storm,1
deploy_fds,1
deploy_chronos,1
deploy_mapreduce,1
parallel_deploy,1
service_config,2
tsdb_register,7
timeoutconn,1
win32security,1
win32net,1
ntsecuritycon,1
pywintypes,5
asyncore_25,1
asynchat_25,1
FCNTL,1
select_trigger,1
test_module,1
pi_module,1
m_syslog,1
producers,2
sapphire,1
status_handler,1
filesys,1
who_calls,1
http_date,1
default_handler,1
ftp_server,1
chat_server,1
resolver,2
counter,2
rexec,1
http_server,1
medusa_gif,1
meld3,1
http_client,1
owl_django_settings,1
django.utils,30
quota_reportor,1
django.dispatch,6
business_view_config,5
metrics_updater,1
status_updater,1
metrics_aggregator,1
collect_utils,4
django.core.paginator,8
minos_config,17
log,1
tank_client,1
supervisor_client,1
configobj,5
crashmailbatch_test,1
rpcinterface,1
sancho.unittest,3
xmlrpc,2
deploy,1
ujson,3
lg_cffi_setup,1
lazy,1
six.moves.urllib_parse,2
pysigset,1
setup,4
setuptools.command.install,3
deepdish,1
tensorflow.contrib,8
vispy,2
tensorflow.contrib.slim,2
tensorflow.python.ops,18
vispy.scene,1
h5py,7
scipy.misc,4
torch.nn.parallel,2
wcwidth,1
pyping,1
irc,1
netfilterqueue,3
debuglevels,1
ListenerBase,1
RawListener,1
HTTPListener,1
DNSListener,1
SMTPListener,1
FTPListener,1
IRCListener,1
TFTPListener,1
POPListener,1
BITSListener,1
ProxyListener,1
BannerFactory,1
listeners,1
linutil,1
diverterbase,1
pydivert,1
winutil,1
dnslib,12
pyftpdlib.authorizers,2
pyftpdlib.handlers,3
pyftpdlib.filesystems,1
pyftpdlib.servers,2
ssl_utils,1
diverters.windows,1
diverters.linux,1
scrapy,12
ssdeep,1
metadata,1
ldap,3
scrapy.http,5
scrapy.contrib.linkextractors,1
scrapy.contrib.spiders,2
scrapy.xlib.pydispatch,1
scrapy.selector,4
scrapy.contrib.loader,1
scrapy.item,2
scrapy.exceptions,4
tld,1
tld.exceptions,3
scrapy.contrib.downloadermiddleware,1
scrapy.signals,1
scrapy.utils.decorator,1
scrapy.utils.misc,1
import_export.admin,1
import_export,2
django_auth_ldap.config,2
logbook,1
slackclient,2
apt,1
Quartz,1
twilio,1
twilio.rest,2
pushover,1
pep8,1
iso8601,1
iptools,1
decorator,3
pudb,1
boto.s3,1
scp,1
optcomplete,6
workerpool,1
BeautifulSoup,2
pyflakes,1
pytest_cov.plugin,1
pytest_cov,1
boto.exception,8
completers,6
IPython.parallel,1
addnode,1
removenode,1
stop,1
terminate,1
restart,1
sshmaster,1
sshnode,1
sshinstance,1
listclusters,1
s3image,1
ebsimage,1
downloadimage,1
createvolume,1
resizevolume,1
listkeypairs,1
listzones,1
listregions,1
listimages,1
listbuckets,1
showimage,1
showbucket,1
removevolume,1
removeimage,1
listinstances,1
listspots,1
showconsole,1
listvolumes,1
listpublic,1
runplugin,1
spothistory,1
loadbalance,1
shell,2
createkey,1
removekey,1
put,1
get,1
boto.connection,1
setuptools.sandbox,5
pkcs7_decoder,1
verifier,1
crypto,2
pkcs7,2
pyasn1.type,7
pyasn1,1
general_types,2
X509_certificate,2
decoder_workarounds,1
RSA,1
DSA,2
oid,2
certificate_extensions,1
tools,1
att_certificate_v2,1
pyasn1.codec.ber,1
pyasn1.codec.der,3
certs,1
dslib.certs,1
asn1_models,7
rsa_verifier,1
digest,1
pkcs7.asn1_models.decoder_workarounds,1
dslib,1
pyasn1.error,1
pkcs7.asn1_models,4
certs.crl_store,1
Crypto.Hash,18
Crypto.Util.asn1,1
ssl_tls,10
elftools,2
elftools.construct,1
cuda,1
pycuda,6
pylearn2.config,1
pycuda.gpuarray,1
cudart,1
cudadrv,1
pycuda.compiler,1
pycuda.elementwise,1
pycuda.tools,3
skdata.mnist.view,1
skdata.mnist.views,1
skdata,1
pypandoc,1
pycuda.curandom,1
go,7
load_data_sets,3
features,2
argh,1
gtp,1
sgf,1
test_utils,2
strategies,5
sgf_wrapper,2
policy,3
easydict,5
core.config,8
validators,4
eventlet,1
schema,11
flask.globals,2
werkzeug.utils,13
flask.helpers,2
flask_github,1
flask_sqlalchemy,4
celery,11
fakeredis,2
glob2,1
zmq,3
msgpack_pure,1
paho.mqtt,1
stomp,1
boto.kinesis,1
moto,2
kafka,5
conf_d,1
boto.sqs.message,2
unicode_dammit,1
pylru,1
ntlm,1
hiredis,1
pg8000,1
idna,1
cython,1
bunch,4
pyotp,1
pyaml,1
texttable,3
cloghandler,1
sh,10
compiler,5
portalocker,6
arrow,5
posix_ipc,1
distro,1
pytds,1
zato.server.ext,67
inotify,1
jwt,1
debugpy,1
greenify,1
newrelic,1
pyrfc,1
pymqi,2
openerplib,1
odoolib,1
globre,3
win32gui,3
zato.common.util,162
redis.exceptions,11
redis.utils,1
gevent.pywsgi,3
gevent.pool,1
ws4py,3
ws4py.server.wsgiutils,1
ws4py.websocket,2
django.apps,8
django.utils.functional,16
django.utils.six,3
django.utils.text,16
django.utils.version,2
pg8000.pg_scram,1
passlib.utils.compat,16
passlib.utils.binary,13
passlib.utils.decor,5
passlib.exc,2
urllib3.fields,1
urllib3.filepost,1
urllib3.util,1
urllib3.exceptions,5
zato.common.api,109
zato.simpleio,26
lxml.objectify,3
sqlalchemy.util,1
zato.common.ext,26
zato.common.marshal_,8
zato.cy.reqresp,2
zato.common.odb,206
zato.common.pubsub,12
zato.util_convert,3
zato.bunch,3
zato.server.base,11
zato.common.test,20
zato.server.service,59
zato.common.json_internal,5
dateparser,1
zato.common.simpleio_,4
zato,1
zato.cache,2
zato.common.py23_,13
zato.cli,41
zato.common.const,1
zato.common.crypto,8
zato.sso.api,4
zato.sso.util,14
zato.sso,10
zato.cli.util,1
zato.hl7.mllp,4
zato.common.component_info,3
zato.client,14
zato.cli.check_config,1
zato.cli.stop,1
zato.common.version,1
zato.common.defaults,3
alembic.migration,2
alembic.operations,2
cryptography.fernet,3
zato.common.kvdb,2
zato.common.haproxy,5
zato.common.events,5
zato.admin.zato_settings,2
zato.admin.web,271
zato.common.scheduler,2
hl7apy.core,1
zato.common.audit_log,6
hl7apy.parser,1
zato.common.hl7,1
zato.hl7.parser,1
zato.sso.password_reset,1
zato.sso.user,5
zato.sso.totp_,1
zato.common.audit,2
gevent.lock,1
zato.common.exception,16
zato.sso.attr,1
zato.sso.odb,15
zato.sso.session,2
zato.sso.user_search,1
zato.common.typing_,42
base32_crockford,1
zxcvbn,1
zato.sso.common,7
zato.sso.model,1
zato.common,9
zato.server.connection,100
ciso8601,2
zato.common.sso,1
zato.zmq_.mdp,14
zato.zmq_,1
zato.zmq_.outgoing,1
zato.agent.load_balancer,9
pyparsing,29
future.moves.urllib,8
zato.common.repo,1
orjson,1
zato.common.broker_message,25
urllib3.util.retry,1
zato.common.xml_,12
zato.common.log_message,1
rapidjson,2
zato.common.ipc,5
dictalchemy,1
sqlalchemy.orm.query,1
sqlalchemy.sql.type_api,1
zato.common.mssql_direct,2
redis.sentinel,5
gevent.greenlet,1
gevent.hub,1
future.moves.itertools,3
six.moves.urllib,4
simdjson,2
gevent.server,2
sarge,2
tzlocal,2
zato.common.model,8
passlib,1
cpuinfo,1
pyotp.totp,1
typing_utils,1
zato.cy.simpleio,4
paste.util.converters,1
zato.server.pubsub,19
zato.vault.client,1
dacite,1
typing_extensions,1
zato.common.rate_limiting,14
zato.common.json_schema,5
zato.common.http_,1
netaddr,7
zato.distlock,5
six.moves.http_client,1
ws4py.client.geventclient,1
zato.common.json_,1
jsonschema,7
jsonschema.exceptions,1
jsonschema.validators,1
zato.common.json_rpc,9
candv,2
zato.common.match,1
crontab,3
zato.scheduler.backend,3
zato.common.kv_data,3
setproctitle,4
gevent.socket,2
inotify.adapters,1
zato.server.generic,12
zato.common.dispatch,1
zato.server.file_transfer,16
zato.server.query,2
zato.server.rbac_,1
zato.zmq_.channel,2
zato.server.config,2
zato.url_dispatcher,2
zato.broker,1
zato.broker.client,1
zato.server.sso,1
zato.server.startup_callable,1
requests.exceptions,3
zato.server.jwt_cache,1
gevent.thread,1
sortedcontainers,2
zato.server.apispec,8
docformatter,1
pykafka,2
pykafka.broker,1
ws4py.client.threadedclient,1
zato.common.wsx_client,2
ldap3,5
dropbox,2
gevent.monkey,14
zato.common.microopt,1
zato.common.ipaddress_,1
raven.handlers.logging,1
repoze.profile,1
zato.server.pattern,14
kombu.message,1
dictalchemy.utils,1
zato.common.ccsid_,1
jsonpointer,1
zato.server.jwt,1
dill,3
dateutil.tz.tz,1
zato.common.nav,2
zato.server.store,2
rbac.acl,1
paste.util.multidict,1
zato.common.in_ram,1
boto.s3.bucket,1
boto.s3.connection,4
fs.ftpfs,1
elasticsearch.client,1
pysolr,1
gevent.fileobject,1
zato.common.sftp,1
amqp.exceptions,1
kombu,6
kombu.transport.pyamqp,4
gevent.queue,2
hvac,1
zato.common.vault_,1
requests.sessions,1
suds.client,1
suds.transport.https,2
suds.wsse,2
oauth.oauth,7
ws4py.exc,1
ws4py.server.geventserver,2
bson.json_util,1
fs.info,1
cassandra.auth,1
cassandra.cluster,1
cassandra.io.geventreactor,1
cassandra.query,1
inotify_simple,2
watchdog.events,3
textblob,1
pandas.core.groupby,1
faker,1
pyftpdlib.log,1
zato.testing.requests_,1
zato.scheduler.server,2
zato.scheduler.api,1
paodate,1
zato.admin.settings,15
django.template.response,4
django.utils.http,14
zato.admin,2
django.urls,8
django.utils.safestring,10
browser,2
django.views.static,1
zato.common.settings_db,1
seleniumwire,1
selenium.webdriver.firefox,2
zato.cli.web_admin_auth,2
zato.admin.urls,1
selenium.webdriver.remote,1
serial.tools,1
rtlsdr,1
serial,1
visvis,1
matplotlib.backends.backend_agg,1
matplotlib.backends.backend_wxagg,2
matplotlib.colorbar,1
matplotlib.dates,7
matplotlib.lines,1
matplotlib.gridspec,1
mpl_toolkits.mplot3d,3
wx.grid,2
serial.serialutil,1
matplotlib.backend_bases,1
wx.animate,2
matplotlib.cm,1
matplotlib.text,1
matplotlib.image,1
wx.lib.agw,2
wx.lib.masked,2
location,2
menus,2
misc,7
matplotlib.font_manager,1
matplotlib.table,1
visvis.core.line,1
wx.lib,1
anki,8
anki.notes,1
anki.exporting,1
anki.utils,3
CollectionTestBase,1
webob,2
webob.dec,1
anki.statsbg,1
anki.db,1
anki.sync,2
anki.consts,2
pysqlite2,3
paste.httpserver,1
anki.importing.csvfile,1
anki.importing.apkg,1
anki.importing.anki1,1
anki.importing.supermemo_xml,1
anki.importing.mnemo,1
anki.importing.pauker,1
anki.importing.anki2,3
anki.lang,1
ethereum,2
utilRelay,6
bitcoin,1
pyepm,3
widget,6
directories,12
music,2
root,10
pyperclip,1
theme,6
mcplatform,6
release,6
Cython.Compiler,1
splash,1
keys,1
pyClark,1
leveleditor,4
mceutils,18
mclangres,3
anvil_test,1
templevel,3
nbt,14
materials,7
id_definitions,1
player_cache,3
items,1
pocket,2
blockrotation,1
infiniteworld,11
leveldb,2
leveldb_mcpe,7
glutils,10
raycaster,2
frustum,2
bresenham,2
renderer,6
thumbview,2
blockpicker,2
png,2
ftputil,1
Xlib,3
pygtk,1
win32com,6
topsoil,2
mcInterface,2
Forester,2
ftp_client,1
updater4pyi,2
dialogs,8
pygame.event,2
glbackground,6
extended_widgets,8
layout,8
palette_view,2
scrollpanel,2
pygame.mixer,4
pygame.locals,45
pygame.surfarray,4
controls,10
pygame.mouse,2
pygame.cursors,2
pygame.transform,3
vectors,6
table_view,2
translate,3
screen,2
tree,1
grid_view,2
menu,2
graphics,1
options,1
control,1
resource_packs,1
OpenGL.platform,2
entity,4
level,6
box,2
mclevelbase,8
block_fill,2
block_copy,2
setuptools.extension,4
indev,1
javalevel,1
leveldbpocket,1
schematic,3
faces,8
mclevel,3
regionfile,1
camera,1
compass,2
depths,2
drawable,2
OpenGL.GL,18
operation,3
clone,4
nbtexplorer,4
fill,4
fileEdits,2
brush,2
filter,3
player,4
tooloptions,1
ftputil.error,1
win32,4
win32.lib,2
win32com.shell,12
waypoints,1
chumpy.utils,1
opendr.geometry,2
opendr.contexts.ctx_mac,1
opendr.contexts.ctx_mesa,1
opendr.filters,1
zc.buildout,1
git,5
git.cmd,1
boto.ec2,5
boto.ec2.image,1
boto.ec2.instance,1
boto.ec2.volume,1
boto.utils,1
botocore.exceptions,3
stevedore.dispatch,1
logutils.dictconfig,1
logutils,2
docker,4
string_utils,1
ruamel,2
pip,4
wheel,2
pydevd,1
ansible.vars,2
ansible.template,1
ansible.playbook.role,2
ansible.vars.unsafe_proxy,1
ansible.vars.manager,1
ansible.utils.unsafe_proxy,1
ansible.parsing.dataloader,1
ruamel.yaml.comments,2
openshift.helper.kubernetes,2
ansible.galaxy,1
ansible.galaxy.role,1
ansible.playbook.play,1
ansible.playbook.play_context,1
ansible.executor.play_iterator,1
ansible.inventory.manager,1
ansible.inventory.host,1
ruamel.yaml.compat,1
structlog,1
structlog.dev,1
structlog.stdlib,4
structlog.processors,2
pip.commands.install,1
docker.utils.ports,1
docker.errors,1
docker.api.container,1
docker.models.containers,1
docker.constants,1
openshift.helper.openshift,2
mock_redis,1
IPy,8
textfsm,1
jsonpickle,1
docutils.parsers.rst,5
simpleparse,1
simpleparse.common,2
simpleparse.dispatchprocessor,3
simpleparse.parser,1
support,3
junos,1
ios,1
dicts,1
parser,4
passlib.hash,1
handlers,2
TftpShared,1
TftpPacketTypes,1
TftpPacketFactory,2
TftpClient,1
TftpServer,1
TftpContexts,4
TftpStates,1
crochet,4
twisted.conch.client,1
twisted.protocols.policies,1
twisted.conch.endpoints,3
simpleparse.error,1
twisted.conch.manhole_tap,1
twisted.python.rebuild,1
Router,1
pantheradesktop,1
Util,1
Bot,1
httplib2,4
socks,5
terminal,1
sgmllib,2
robotparser,3
mimetools,5
markupbase,3
nsmmongo,1
nsmcouch,1
nsmscan,1
nsmweb,1
requests.packages,1
rsa,4
ipaddr,4
pythoncom,2
pyHook,1
shodan,1
globalVar,1
option,1
pybozocrack,1
pxssh,1
nmap,1
pyPdf,3
pygeoip,1
bluetooth,2
dup,1
obexftp,1
ranges,1
console,1
binwalk,1
RoA,1
DH,1
ui,1
objc_util,1
cb,1
printbyte,1
clipboard,1
pythonwhois,1
cfscrape,1
errors,8
lib.core.settings,25
sqli_scan,1
port_scanning,1
lib.core,1
google,1
dorks,1
dork_check,1
colorlog,2
hash_cracker,1
hash_check,1
lib.pointers,7
lib.core.dork_check,1
lib.core.errors,1
lib.core.hash_cracking,2
lib.core.port_scan,1
lib.core.proxy_finder,1
lib.core.sql_scan,2
lib.shell,1
impacket.smbconnection,5
impacket,7
impacket.dcerpc.v5,10
impacket.tds,2
ajpy.ajp,1
pysnmp.entity.rfc3413,2
libloris,1
xmpp,2
src,4
protocols,1
filecrack,1
lib.reader,1
lib.cleaner,1
lib.colour,1
lib.conf,1
lib.writer,1
lib.reporter,1
headers,1
vulnz,1
pwn,1
paddingoracle,2
lib.encodings,2
lib.cmdline,1
lib.consle_width,1
lib.proxy,1
lib.queue,1
lib.request_file,1
lib.request,1
lib.colorama,4
packages.clint.textui,1
mongo,1
getApps,1
scanIP,1
buildAttackUri,1
arachni_config,1
scan_tasks,1
helper,7
mongodb,2
moleexceptions,3
parameters,1
pythem.modules,1
pythem.modules.completer,1
pythem.modules.webcrawler,1
pythem.modules.scanner,1
pythem.modules.arpoisoner,1
pythem.modules.dhcpoisoner,1
pythem.modules.dnspoisoner,1
pythem.modules.redirect,1
pythem.modules.dos,1
pythem.modules.sniffer,1
pythem.modules.pforensic,1
pythem.modules.xploit,1
pythem.modules.hashcracker,1
pythem.modules.ssh_bruter,1
pythem.modules.web_bruter,1
pythem.modules.fuzzer,1
pythem.modules.utils,14
pythem.core,1
ropper,1
completer,1
fuzzer,1
dnspoisoner,1
twitterClass,1
anonBrowser,1
wifite.tools.airmon,1
wifite.tools.airodump,1
wifite.model.handshake,1
wifite.util.process,1
wifite.config,1
wifite,1
impacket.examples,1
libs.smbmap,2
libs.pentestlyserver,1
libs.wmiexec,2
recon.core.module,1
recon.core,1
PyPDF2,1
PyPDF2.utils,1
libs.pentestlymodule,1
libs.misc,2
dicttoxml,1
exp10it,9
LoggingProxyHTTPHandler,1
paramiko.py3compat,2
impl,3
attack.exceptions,1
attack.builder,1
requests_toolbelt.adapters,1
keyring,1
botocore,3
u2flib_host,3
u2flib_host.constants,1
tabulate,3
sip,1
tushare,1
qtpy.QtWidgets,5
qtpy,3
qtpy.QtCore,3
Graph,1
pyecharts,7
qtpy.QtWebEngineWidgets,1
pause,1
selenium.common.exceptions,7
waflib,6
B,2
A,1
pandas.util,1
pyodbc,1
pypyodbc,1
pyreadline,2
fora,1
nose.plugins,2
opcode,2
deploy.stamper,1
scipy.sparse,3
hdfs,1
C,1
Base,1
RegressionTree,1
losses,3
RegressionModel,1
IPython.core,5
waflib.Logs,1
waflib.TaskGen,4
ExampleModule,1
nose.plugins.base,1
nose.util,1
scipy.sparse.linalg,2
hdfs.util,1
D,1
Solver,2
socketIO_client,4
socketIO_client.transports,1
statsd,3
db,8
werkzeug.test,5
flask.ext.seasurf,1
flask.ext.assets,2
flask.ext.cors,1
flask_debugtoolbar,1
werkzeug.contrib.fixers,2
analysis,1
werkzeug.routing,8
api,6
metrics,1
mechanize,4
feedgen.feed,1
configs,2
keras.engine.topology,1
keras.engine.training,1
keras.layers.convolutional,7
keras.layers.merge,1
keras.layers.normalization,2
mutils,1
torch.nn.functional,2
torchvision.utils,1
pro_gan_pytorch.PRO_GAN,1
shadowsocks,3
chainer,12
chainermn,1
chainer.functions.array,1
chainer.functions.connection,4
chainer.links.connection,2
chainer.initializers,1
chainer.utils,2
chainer.functions.normalization,1
chainer.links,1
inception_score,1
chainer.dataset,1
chainer.training,2
evaluation,9
dis_models.resblocks,2
pyquery,2
weto,1
greenlet,6
pyinotify,4
fintl,1
xlrd,4
xlwt,3
ntfslink,1
subcommands,1
datadict_subcommands,1
Test.models,1
google.appengine.api,3
backends.base,1
werkzeug.local,1
werkzeug.debug.util,5
werkzeug.debug.render,2
werkzeug.urls,13
werkzeug.http,28
werkzeug.wsgi,10
werkzeug.posixemulation,1
werkzeug.useragents,1
werkzeug.serving,2
werkzeug.templates,1
genshi.template,3
genshi.template.loader,1
lxml.html,6
werkzeug.contrib.sessions,1
werkzeug.security,1
IPython.frontend.terminal,4
werkzeug.debug.tbtools,1
werkzeug.debug,1
werkzeug.formparser,2
compiler.pycodegen,1
sqlalchemy.ext.compiler,1
sqlalchemy.sql.elements,1
sqlalchemy.engine.reflection,1
alembic.autogenerate.api,1
IPython.display,4
widgets,42
uliform,1
lazystr,2
pygettext,1
po_merge,1
smtp,1
xlutils.copy,1
sorteddict,1
setuptools.command.develop,3
openpyxl,5
openpyxl.worksheet.datavalidation,1
openpyxl.styles,8
openpyxl.utils,1
IPython.lib,1
gendoc,1
MySQLdb.cursors,1
rbac,2
pysimplesoap.simplexml,9
pysimplesoap.server,1
weto.cache,1
celery.schedules,1
celery.bin,1
forms,29
weto.session,2
rjsmin.rjsmin,1
rcssmin.rcssmin,1
socketio.server,1
manage,1
lightgbm,1
data_frame,1
tf_base_model,1
f1_optimizer,1
tf_utils,8
wordpress,1
thread_engine,1
mosquitto,1
raven.handlers,1
dogapi,1
gmetric,1
librato,1
ceph,2
pysnmp,1
pyutmp,2
utmp,2
UTMPCONST,1
amavis,1
NaServer,1
vms,1
collectd_network,1
sensors,1
beanstalkc,1
pynvml,1
supervisor,1
memcached_slab,1
riemann_client.client,1
Handler,1
riemann_client.transport,2
graphite,1
influxdb.client,1
graphitepickle,1
ip,1
s3,1
cpu,1
elb,1
ksm,1
kvm,1
nfs,1
ntp,1
pgq,1
sqs,1
tcp,6
udp,2
ups,1
xfs,1
bind,1
drbd,1
exim,1
ipvs,1
nfsd,1
ntpd,1
numa,1
ping,1
proc,1
snmp,1
solr,1
files,2
flume,1
httpd,1
mesos,1
monit,1
nginx,2
ossec,1
slony,1
smart,1
squid,1
users,1
vmsfs,1
aurora,1
darner,1
hadoop,1
mdstat,1
memory,1
nagios,1
netapp,1
netappDisk,1
netapp_inode,1
netappsdk,2
nfacct,1
openvz,1
phpfpm,1
scribe,1
tokumx,1
uptime,1
vmstat,1
apcupsd,1
chronyd,1
entropy,1
example,1
fluentd,1
haproxy,1
jolokia,1
cassandra_jolokia,1
loadavg,1
netstat,1
onewire,1
openvpn,1
postfix,1
sidekiq,1
snmpraw,1
unbound,1
kitchen.pycompat25.collections,1
varnish,1
vmsdoms,1
disktemp,1
etcdstat,1
filestat,1
httpjson,1
jbossapi,1
mogilefs,1
openldap,1
portstat,2
postgres,1
powerdns,1
puppetdb,1
rabbitmq,1
slabinfo,1
sockstat,1
aerospike,1
celerymon,1
cephstats,1
conntrack,1
diskspace,1
diskusage,1
soft,1
interrupt,1
jcollectd,2
kafkastat,1
ElementTree,1
lmsensors,1
memcached,1
mysqlstat,1
mysql55,1
pgbouncer,1
postqueue,1
redisstat,1
resqueweb,1
twemproxy,1
beanstalkd,1
dropwizard,1
gridengine,1
ipmisensor,1
libvirtkvm,1
mountstats,1
nvidia_gpu,1
sidekiqweb,1
iodrivesnmp,1
puppetagent,1
supervisord,1
userscripts,1
dseopscenter,1
endecadgraph,1
mesos_cgroup,1
memory_cgroup,1
memory_docker,1
netscalersnmp,1
servertechpdu,1
snmpinterface,1
xen_collector,1
cpuacct_cgroup,1
nagiosperfdata,1
openstackswift,1
websitemonitor,1
passenger_stats,1
puppetdashboard,1
docker_collector,1
processresources,1
kafka_consumer_lag,1
openstackswiftrecon,1
eventstoreprojections,1
libutils,1
magphase,1
libaudio,1
gnumpy,1
bandmat,2
numpy.distutils,1
processHybridInfo,1
fastdtw,1
scipy.stats.stats,1
guppy,1
run_keras_with_merlin_io,1
run_tensorflow_with_merlin_io,1
tensorflow.python.framework,6
mean_variance_norm,1
htk_io,1
htkmfc,2
binary_io,1
align_feats,1
rfc822,6
sockschain,1
fasteners,2
win_inet_pton,2
stem,6
pgpdump,3
cryptography.hazmat,2
DNS,1
imgsize,1
icalendar,1
ZODB,1
cryptography,6
package,4
pbr,1
jinja2.ext,1
jinja2.utils,3
pgpdump.utils,2
spambayes.Histogram,1
gui_o_matic.control,1
imdb,2
kitti,2
squeezeSeg,1
nn_skeleton,2
kitti_squeezeSeg_config,1
nets,2
parmap,1
dfi,1
train,2
train_GAN,1
models_GAN,1
data_utils,3
flags,1
training_utils,1
visualization_utils,1
logging_utils,1
train_mnist,1
objectives,1
eval,1
sobolev_training,1
plot_results,1
train_wgan_GP,1
models_colorful,1
train_colorful,1
eval_colorful,1
batch_utils,1
densenet,1
KerasDeconv,1
train_WGAN,1
models_WGAN,1
scattering,1
filters_bank,2
run_tf,1
run_pytorch,1
filters_bank_pytorch,2
scattering_pytorch,1
vgg19,1
imagenet_utils,1
scipy.optimize,2
Eve,1
keras.layers.pooling,3
keras.layers.advanced_activations,1
matplotlib.pyplot,1
terminaltables,1
natsort,1
tensorflow.examples.tutorials,4
lasagne.nonlinearities,2
keras.utils.visualize_util,1
keras.initializers,1
skcuda,2
pynvrtc.compiler,1
cupy.cuda.function,1
cupy.cuda,1
utils_pytorch,4
torch.legacy.nn,1
rdkit,1
chem_tensorflow,1
ScrolledText,2
reportwriter,1
reportwriterxml,1
sklearn.datasets,6
sklearn.svm,4
matplotlib.backends.backend_pdf,1
sklearn.decomposition,1
nxt,4
nxt_bluetooth,1
keyboard,1
nxt.bluesock,1
pandas_ml,1
image_manipulation,2
TestDataHolder,1
TestTrainer,1
Config,4
DataHolder,1
DFN,1
Trainer,1
CNN,1
TestDataMani,1
TestDataAug,1
img2array,1
data_aug,5
djcelery,1
celery.backends,1
celery.backends.cache,2
celery.backends.redis,1
django.core.cache,19
werkzeug.contrib.cache,3
celery.result,1
celery.states,2
kombu.transport.amqplib,1
kombu.exceptions,3
billiard.einfo,1
celery.local,1
celery.five,1
celery.task,1
celery.utils,1
celery.utils.log,2
djcelery.views,1
googlevoice,1
doom_py,2
pygame.constants,9
onBoard,1
example_support,3
webapp2,1
apichecker,1
monotonic,1
fdb,1
mmh3,1
kazoo,2
SOAPpy,8
aiohttp,2
stubout,1
mox,2
mox_test_helper,1
stubout_testee,1
google3,2
copy_reg,2
stringtemplate3,1
objgraph,1
testconfig,1
wsgiconq,1
routes,2
win32event,1
win32service,2
win32serviceutil,1
dummydb,1
gadfly,1
a_package_name_that_does_not_exist,2
filters,2
customadmin,2
feeds,4
uploadhandler,6
widgetadmin,2
urlconf_outer,2
urlconf_inner,2
middleware,2
psycopg,2
dummy_thread,6
cmemcache,2
ImageFile,2
flup,2
user,2
test_driver,2
test_ds,2
test_envelope,2
test_geom,2
test_srs,2
test_geos,2
test_io,2
test_geos_mutation,2
test_mutable_list,2
textile,3
bpython,2
nonexistent,1
non_existent,1
tenjin,1
ordered_dict,1
elixir,2
spam,1
adodbapi,1
mx,1
sre_parse,1
sre_compile,1
gflags,1
gflags_googletest,1
flags_modules_for_testing,3
gflags_validators,1
bdist_egg,1
mimeparse,1
clientsecrets,1
google_sql,1
blobstore,1
gs,1
shuffler,1
taskqueue_service_pb,1
taskqueue,1
logging_capnp,1
mail,1
Bastion,1
CGIHTTPServer,2
DocXMLRPCServer,1
MimeWriter,1
UserList,4
UserString,2
anydbm,2
audiodev,1
dircache,1
dumbdbm,2
formatter,1
fpformat,1
htmllib,1
imputil,1
macpath,1
macurl2path,1
mhlib,1
multifile,1
mutex,1
nturl2path,5
os2emxpath,1
repr,2
statvfs,1
stringold,1
sunaudio,1
symbol,1
toaiff,1
whichdb,2
neo_cs,1
neo_util,1
bulkload_deprecated,1
message_parser,1
counters,1
crcmod,1
cloudstorage,3
config_runtime,1
GrocLexer,1
GrocParser,1
groc,1
pylons,8
winerror,1
appengine_config,1
wrapper_util,1
requests_unixsocket,1
app_dashboard_data,3
locust,1
search_api,2
solr_interface,1
search_exceptions,1
query_converter,1
antlr4,1
flexmock,1
api_tests,3
__init__,2
tornado.testing,4
tornado.locks,2
kazoo.client,5
kazoo.retry,1
kazoo.exceptions,5
tornado.httpclient,6
cryptography.x509.oid,1
constructor,1
serializer,1
representer,1
emitter,1
composer,1
tokens,1
events,1
nodes,1
loader,1
dumper,1
cyaml,1
Pyrex.Distutils,1
treewizard,1
constants,10
dfa,1
recognizers,1
streams,1
google3.testing.pybase,1
mod_python,2
flup.server.cgi,1
flup.server.fcgi,2
flup.server.scgi,1
Cheetah.Template,1
sqlobject,1
wsgiserver2,1
pyreadline.unicode_helper,1
realsocket,4
iri2uri,1
google3.net.proto,1
tempita,2
paste.urlparser,3
py.test,1
sphinx,6
sphinx.builders.html,2
sphinx.writers.html,2
sphinx.util.console,2
sphinx.util.compat,2
sphinx.domains.std,3
sphinx.directives.desc,2
mforms,18
article,2
publication,2
models.publication,2
models.article,2
app2.models,2
app1.models,2
error_messages,4
extra,2
formsets,8
input_formats,2
media,2
regressions,2
localflavor.ar,2
localflavor.at,2
localflavor.au,2
localflavor.br,2
localflavor.ca,2
localflavor.ch,2
localflavor.cl,2
localflavor.cz,2
localflavor.de,2
localflavor.es,2
localflavor.fi,2
localflavor.fr,2
localflavor.generic,2
localflavor.id,2
localflavor.ie,2
localflavor.is_,2
localflavor.it,2
localflavor.jp,2
localflavor.kw,2
localflavor.nl,2
localflavor.pl,2
localflavor.pt,2
localflavor.ro,2
localflavor.se,2
localflavor.sk,2
localflavor.uk,2
localflavor.us,2
localflavor.uy,2
localflavor.za,2
dateformat,2
feedgenerator,2
module_loading,2
termcolors,2
checksums,2
simplelazyobject,2
decorators,2
functional,2
timesince,2
datastructures,6
datetime_safe,2
defaults,4
generic,8
i18n,2
specials,2
static,2
test_saferef,2
test_dispatcher,2
context,3
custom,6
unicode,2
nodelist,2
smartif,2
loaders,2
us,2
extraction,2
imagefield,14
admin_scripts.complex_app.models,4
admin_scripts.complex_app.admin,2
namespace_urls,2
query,2
subqueries,2
where,4
MySQLdb.converters,3
MySQLdb.constants,7
mod_python.util,2
mx.TextTools,2
psycopg2.extensions,13
sitemaps,2
test_feeds,2
test_regress,2
test_sitemaps,2
ar_provinces,2
au_states,2
br_states,2
ca_provinces,4
ch_states,2
cl_regions,2
cz_regions,2
de_states,2
es_regions,2
es_provinces,2
fi_municipalities,2
fr_department,2
id_choices,4
ie_counties,2
it_region,2
it_province,2
jp_prefectures,2
mx_states,2
nl_provinces,2
no_municipalities,2
pe_region,2
pl_voivodeships,2
pl_administrativeunits,2
ro_counties,2
se_counties,2
sk_regions,2
sk_districts,2
uk_regions,4
us_states,6
uy_departaments,2
in_states,4
is_postalcodes,2
tests_25,6
compilation,2
test_warnings,2
localflavor.be,2
localflavor.il,2
localflavor.tr,2
response,2
templatetags,2
be_regions,2
be_provinces,2
tr_provinces,2
django2jinja,2
docutils.statemachine,2
sphinx.ext.autodoc,2
sphinx.application,2
__pypy__,2
pretty,2
djangoext,2
rwbench,2
mako.template,1
tenjin.helpers,2
spitfire.compiler,1
spitfire.compiler.analyzer,1
chameleon.zpt.template,1
chameleon.genshi,1
decoder,2
encoder,1
cpyamf.util,1
sqlalchemy.orm.util,1
cpyamf,2
flup.server.fcgi_fork,1
trans_real,1
trans_null,1
mako,1
py.magic,1
ndb,1
OpenSSL.SSL,4
ndb.model,1
sdist,1
setopt,1
Pyrex.Distutils.build_ext,1
dl,2
anyjson,1
file,1
oauth_api,1
search,67
channel,1
modules,11
backends,1
pymemcache.exceptions,2
pymemcache.client.hash,1
logservice,1
app_identity,1
background_thread,1
namespace_manager,1
prospective_search,1
urllib3,1
tasklets,1
google3.storage.onestore,1
google3.apphosting.api,13
google3.apphosting.datastore,2
google3.apphosting.ext,3
google3.apphosting.runtime,1
deferred,1
api_config,4
api_exceptions,1
apiserving,1
users_id_token,3
ereporter,1
appengine_pipeline.src,1
appengine_pipeline.src.pipeline,2
app_dashboard_helper,2
endpoints_server,1
Crypto.Random.OSRNG,1
rourl2path,2
cloudstorage_api,1
storage_api,1
logserver,1
tornado.httpserver,2
kazoo.protocol.states,1
app_dashboard,2
datastore_location,1
admin_server_location,1
taskqueue_location,1
controller_location,1
custom_exceptions,1
local_state,1
uaserver_location,1
dashboard,10
dashboard_logs,1
datastore_viewer,3
service_accounts,2
pull_queue_viewer,3
conftest,12
locust.exception,2
locust.clients,1
base_locust,2
prepare_queues,2
locust.util.time,1
eventlet.green,1
eventlet.green.httplib,1
eventlet.timeout,1
test_xmpp_receiver,1
xmpp_receiver,1
tornado.httputil,1
scrapy.crawler,1
pip.download,1
pyxdameraulevenshtein,1
bat,1
nflgame,2
psycopg2.extras,1
authlib,3
smart_parsing,1
db_schema,1
parsedatetime,4
pynipap,13
nipap_whoisd,1
backend,2
flaskext.xmlrpc,2
nipapconfig,1
twisted.web.xmlrpc,1
pylons.controllers,1
pylons.controllers.util,2
pylons.templating,1
webhelpers.html.tags,6
beaker.cache,1
beaker.util,1
paste.deploy,1
paste.script.appinstall,1
routes.util,1
webtest,1
paste.cascade,1
paste.registry,1
paste.deploy.converters,1
pylons.middleware,2
pylons.wsgiapp,1
routes.middleware,1
pylons.configuration,1
webhelpers.html.builder,1
pyinfoblox,1
uiautomator,1
bidict,1
qqWebSocketDebugUrlFetcher,1
websocket,2
jsonConcat,1
commandHelper,1
atomicinteger,1
List,1
Tuple,1
lang,1
Data,14
Control,2
Python,1
Eq,1
Ord,2
Num,8
Maybe,3
String,4
Functor,1
Foldable,1
type_system,20
typeclasses,6
lazylist,10
syntax,19
hindley_milner,10
Applicative,1
Data.Maybe,5
Data.Either,5
Data.Ord,8
Data.Tuple,4
Data.Eq,1
Data.Functor,2
Control.Applicative,1
Control.Monad,1
Data.Foldable,1
Data.Traversable,1
Data.Num,42
Data.List,51
fabulous,1
fabric,1
fabric.colors,2
fabulous_conf,1
cookbook,1
angr,1
claripy,1
templite,1
tfplot,1
tensorpack_extension,1
data_load,10
hparam,1
tensorpack.predict.config,1
tensorpack.predict.base,1
tensorpack.tfutils.sessinit,2
tensorpack.graph_builder.model_desc,2
tensorpack.tfutils,3
tensorpack.tfutils.scope_utils,1
tensorpack.callbacks.saver,1
tensorpack.train.interface,2
tensorpack.train.trainers,1
tensorpack.utils,1
tensorpack.input_source.input_source,1
audio,7
tensorpack.callbacks.base,1
tensorpack.dataflow.base,1
tensorpack.dataflow.common,1
tensorpack.dataflow,1
tensorpack.tfutils.gradproc,1
tensorpack.callbacks.monitor,1
statistical_features,5
classification_features,1
fitting_features,1
tsfresh.feature_extraction,1
xgboost,1
errorcode,1
render,1
sklearn.externals,1
geoip2,1
geoip2.errors,1
semantic_version,1
requests_mock,1
cerberus,1
click.testing,1
endpoints,1
cifar10_input,1
cifar10,1
export_inference_graph,1
dlib,1
align_dlib,1
facenet,1
align,1
lfw,1
tmp,1
vggverydeep19,1
train_tripletloss,1
train_softmax,1
validate_on_lfw,1
compare,1
download_and_extract_model,1
freeze_graph,1
moviepy,1
tfimage,1
caffe,2
oauth2client,2
googleapiclient,1
google.cloud,1
googleapiclient.discovery_cache,1
ops,2
gym,7
datasets,9
deployment,1
tensorflow.python.platform,2
google3.third_party.tensorflow_models,1
google.protobuf,16
tensorflow.core.framework,2
tensorflow.core.protobuf,2
tensorflow.python,2
tensorflow.python.client,2
tensorflow.python.training,3
tensorflow.core.example,2
tensorflow.contrib.image,1
tensorflow.python.saved_model,6
discriminator,2
generator,2
scandir,2
tensorflow.python.tools,1
read_utils,2
sklearn.manifold,2
tensorflow.contrib.timeseries,3
tensorflow.python.layers,1
tensorflow.python.util,2
im2txt.ops,3
im2txt,3
im2txt.inference_utils,3
reprint,1
gym.envs.toy_text,1
gym.envs.registration,2
DNSDumpsterAPI,1
serialize,1
update,5
com.sun,2
convert,1
uncertainties,1
pintpandas,2
background,2
com.sun.jna,2
spynner,2
login,3
parsers,5
PyQt4.QtNetwork,3
lmdb,1
pyspark.context,1
pyspark.mllib.clustering,2
sklearn.cross_validation,1
torch.cuda,1
torch.autograd.function,1
torch.utils.cpp_extension,1
torchvision.models.utils,1
segmentation.config.hrnet_config,1
core.criterion,2
lib.models.seg_hrnet,1
pyroute2,1
byto,1
pyupnpv2,1
zeroconf,1
cast_socket,1
cast_channel_pb2,1
pycastv2,1
dbus,1
dbus.mainloop,1
gi,2
notify2,1
gi.repository,6
libusb1,1
usb1,1
usb_exceptions,1
adb_protocol,1
filesync_protocol,1
cchardet,1
iconv_codec,1
SOCKS,1
future.backports.email,22
future.backports.http,30
sphinx_bootstrap_theme,1
future.backports.urllib,13
future.backports,6
test_imports_future_stdlib,1
future.backports.html,2
future.backports.test,5
future.moves,10
future.moves.html,2
future.moves.http,4
future.moves.xmlrpc,2
gdbm,1
sockshandler,1
cursors,1
setuptools.tests,2
org.python.modules,1
pkg1,2
nspkg,2
mod,1
Information,4
Help,1
adb,8
sign_m2crypto,1
bs4.builder,15
bs4.element,15
bs4.testing,5
bs4.tests,1
bs4.dammit,3
html5lib.constants,1
html5lib.treebuilders,1
pipetool,4
scapypipes,1
scapy.crypto,1
scapy.fields,9
scapy.layers.dot11,1
scapy.contrib,1
scapy.contrib.ppi,2
dnslib.bit,2
dnslib.bimap,2
dnslib.buffer,2
dnslib.label,3
dnslib.lex,1
dnslib.ranges,9
dnslib.server,4
dnslib.dns,11
dnslib.digparser,1
past,1
past.builtins.noniterators,5
past.types,5
past.builtins.misc,11
past.translation,3
libfuturize,1
future.moves.dbm,3
future.standard_library,4
Tkdnd,1
Tix,1
ttk,1
tkFont,1
Dialog,1
Tkconstants,1
tkColorChooser,1
tkCommonDialog,1
SimpleDialog,1
future.backports.misc,6
future.moves.subprocess,5
future.types.newbytes,1
future.types.newobject,1
future.types,9
future.types.newstr,1
future.utils.surrogateescape,1
future.types.newint,1
future.types.newdict,1
future.builtins.newnext,1
future.builtins.newround,1
future.builtins.newsuper,1
future.builtins.iterators,3
future.builtins.misc,11
future.standard_library.email,1
future.backports.xmlrpc,5
future.moves.test,1
libfuturize.fixer_util,12
libpasteurize.fixes.fix_division,1
libfuturize.fixes.fix_print,1
libfuturize.fixes,4
libpasteurize.fixes,1
future.tests.base,9
past.types.oldstr,1
future.standard_library.test,1
libfuturize.main,1
libpasteurize.main,1
future.builtins.disabled,12
future.moves.collections,5
future.moves.sys,1
twisted.protocols.socks,1
MySQLdb.times,6
connections,1
times,1
converters,1
setuptools.extern.six,10
setuptools.extern,1
setuptools.depends,1
setuptools.dist,3
setuptools.command.egg_info,3
setuptools.tests.textwrap,1
setuptools.command.build_ext,3
setuptools.command.upload_docs,1
setuptools.tests.server,1
setuptools.command.install_scripts,1
pkg_resources.extern,4
setuptools.py31compat,3
setuptools.command.setopt,3
setuptools.utils,1
setuptools.lib2to3_ex,1
setuptools_svn,1
Cython.Distutils.build_ext,1
setuptools.archive_util,2
setuptools.package_index,3
setuptools.monkey,1
pkg_resources.extern.packaging,1
win32com.client.gencache,1
backports.ssl_match_hostname,2
wincertstore,1
setuptools.py26compat,1
setuptools.py27compat,1
paver.easy,2
pkg_resources.extern.six,4
pkg_resources.extern.pyparsing,14
GeneralCommands,1
Internal,32
Design,1
Default,1
Update,1
Function,1
multiviews,2
numexpr,1
multiviews.body,1
pymvg.camera_model,1
pymvg.multi_camera_system,1
multiviews.cameras,2
multiviews.pictorial,1
multiviews.pictorial_cuda,1
kernels,1
tf.contrib,1
vgg_model,1
word2vec_utils,1
load_vgg,1
load_vgg_sol,1
autoencoder,1
layer_utils,1
tensorflow.contrib.tensorboard,2
process_data,1
riak,2
schedule,1
bottle.ext.mongo,1
oml,1
bottle.ext,1
element,1
cube,1
group,1
Cython.Compiler.Version,1
bottle.ext.websocket,1
bottle.ext.auth,1
geventwebsocket.handler,3
hglib,1
parent,3
pyelasticsearch,6
mercurial,1
funcy,12
binaryornot.helpers,1
chardet.universaldetector,1
xpidl.header,9
xpidl.xpidl,3
submodule,1
package.test_import_name_collision,2
parsimonious,3
pygments.lexer,4
pygments.util,1
parsimonious.expressions,1
flask_marshmallow,4
lockfile,1
sqlalchemy_utils,5
flask_login,4
sqlalchemy_utils.types,1
marshmallow,4
permission,2
webargs.flaskparser,2
flask_restplus.errors,1
flask_oauthlib,1
invoke,4
invoke.executor,1
flask.testing,1
swagger_spec_validator,1
flask_restplus,4
apispec.ext.marshmallow,3
flask_restplus.model,1
flask_restplus.swagger,1
flask_restplus.utils,2
site_app,1
installed_package,1
site_package,1
site_egg,1
missing_module,1
subdomaintestmodule,1
main_app,1
config_module_app,1
config_package_app,1
moduleapp.apps.admin,1
moduleapp.apps.frontend,1
blueprintapp.apps.admin,1
blueprintapp.apps.frontend,1
minitwit_tests,1
flaskr_tests,1
moduleapp,1
blueprintapp,1
blinker,1
watchdog.observers,1
google.appengine.ext,1
setting,2
motor,1
nsq,1
bson.dbref,2
monguo,16
wtforms_tornado,1
handler,11
sleekxmpp,1
monguo.connection,1
torsession.sync,1
leagueids,1
mock_response,1
request_handler,1
cairosvg,1
grpc,1
model_pb2,1
predict_pb2,1
prediction_service_pb2,1
sparse_model,1
coloredlogs,1
pydicom,1
tensorflow.contrib.session_bundle,1
grpc.beta,2
grpc.framework.common,1
grpc.framework.interfaces,1
sklearn.neural_network,1
sklearn.tree,1
sklearn.naive_bayes,1
sklearn.discriminant_analysis,2
tensorflow_serving.apis,2
pysnooper,1
itchat,1
apscheduler,1
wechat_notice,1
apscheduler.schedulers.background,1
itchat.content,1
django.forms.models,18
django.template.loader,13
tests,2
django.test.simple,4
django.forms.forms,3
django.forms.formsets,6
uni_form_filters,1
sklearn.multiclass,1
public,2
panelLets,1
HurricaneDNS,1
firewalls,1
panelSite,2
apache,1
system,1
panelPlugin,1
panelMysql,1
page,1
panelPing,1
firewalld,1
uwsgi,1
libmc,1
panelTask,2
panelSearch,1
panel_restore,1
panelApi,1
ols,1
send_mail,2
panel_telegram_bot,1
setPanelLets,1
panelAuth,1
file_execute_deny,1
http_requests,1
panelPHP,1
static_cdn_main,1
panelAes,1
panelSSL,1
ajax,1
panelDnsapi,1
datatool,1
fastcgiClient,1
libinjection,1
site_dir_auth,1
ftp,1
panelRedirect,2
acme_v2,2
tomcat,1
downloadFile,1
dns_main,1
panelMessage,1
aws_s3_main,1
gcloud_storage_main,1
gdrive_main,1
telegram,1
panelBackup,1
send_to_user,1
ssh_terminal,1
colony,1
ssh_security,1
san_baseline,1
password,1
panelWarning,1
backup_bak,1
abnormal,1
wxapp,1
plugin_deployment,1
panelVideo,1
userlogin,1
vilidate,1
webhook_main,1
panelWorkorder,1
dns.resolver,1
aliyunsdkcore,1
aliyunsdkalidns.request.v20150109,3
libcloud.dns.providers,1
libcloud.dns.types,2
pluginAuth,1
flask.sessions,2
geventwebsocket.gunicorn.workers,1
gunicorn.workers.ggevent,1
flask_compress,1
flask_sockets,2
panelProjectController,1
gym.spaces,1
gym.wrappers,2
gym.envs.mujoco,1
xcoin_hash,1
ltc_scrypt,1
yac_scrypt,1
DataStore,1
readconf,1
deserialize,1
base58,3
Chain,1
ripemd_via_hashlib,1
sha3,1
BCDataStream,1
firstbits,1
SqlAbstraction,1
upgrade,1
genesis_tx,1
py,1
datagen,1
bitcoinrpc,1
enumeration,1
django.contrib.messages,32
django.template.context,4
social.apps.django_app,17
social.backends.aol,1
social.backends.vk,3
social.backends.gae,1
social.backends.live,1
social.backends.rdio,2
social.backends.xing,1
social.backends.angel,1
social.backends.orkut,1
social.backends.weibo,1
social.backends.yahoo,2
social.backends.disqus,1
social.backends.douban,2
social.backends.fedora,1
social.backends.fitbit,1
social.backends.flickr,1
social.backends.github,2
social.backends.mailru,1
social.backends.taobao,1
social.backends.trello,1
social.backends.tripit,1
social.backends.tumblr,1
social.backends.twilio,1
social.backends.yammer,2
social.backends.yandex,3
social.backends.behance,1
social.backends.dropbox,1
social.backends.jawbone,1
social.backends.shopify,1
social.backends.skyrock,1
social.backends.appsfuel,2
social.backends.evernote,2
social.backends.linkedin,2
social.backends.mendeley,1
social.backends.mixcloud,1
social.backends.bitbucket,1
social.backends.instagram,1
social.backends.belgiumeid,1
social.backends.foursquare,1
social.backends.soundcloud,1
social.backends.stocktwits,1
social.backends.dailymotion,1
social.backends.exacttarget,1
social.backends.livejournal,1
social.backends.readability,1
social.backends.odnoklassniki,2
social.backends.stackoverflow,1
social.pipeline.partial,1
social.pipeline.user,3
social.pipeline.social_auth,4
social.backends.steam,1
social.backends.amazon,1
social.backends.google,3
social.backends.reddit,1
social.backends.stripe,1
social.backends.twitter,1
social.backends.utils,2
social.backends.open_id,1
social.backends.facebook,2
social.backends.persona,1
south.migration.base,1
south.exceptions,1
south.creator.freezer,1
social.utils,2
social.actions,3
social.strategies.utils,1
south.db,2
south.v2,2
social.strategies.django_strategy,1
social,1
social.backends.oauth,2
shutit_global,2
shutit_util,1
shutit_pexpect_session,2
shutit_assets,1
shutit_class,3
shutit,1
shutit_skeleton,1
shutit_exam,1
emailer,1
curtsies,1
shutit_threads,1
package_map,1
shutit_sendspec,1
shutit_module,2
curtsies.fmtfuncs,3
curtsies.input,1
shutit_background,1
shutit_login_stack,1
shutit_pexpect_session_environment,1
prettytensor,1
nose2.tools,1
misc.distributions,4
prettytensor.pretty_tensor_class,1
squeezeDet,1
squeezeDetPlus,1
resnet50_convDet,1
vgg16_convDet,1
kitti_model_config,1
kitti_vgg16_config,1
kitti_res50_config,1
kitti_squeezeDet_config,1
kitti_squeezeDetPlus_config,1
utils.util,7
dataset.imdb,1
pascal_voc,1
dataset.voc_eval,1
markdown2,1
index,1
note,1
notebook,1
pycassa_logger,1
thrift,1
connection,3
cassandra.ttypes,2
ttypes,1
puresasl.client,1
sphinx.writers,1
sure.old,1
subunit.v2,2
modeltests.delete.models,15
django.contrib.contenttypes,14
modeltests.validation,1
modeltests.validation.models,3
modeltests.validation.validators,1
modeltests.validation.test_unique,2
modeltests.validation.test_custom_messages,1
django.forms,23
django.utils.decorators,8
django.contrib.sessions,8
modeltests.model_formsets.models,27
modeltests.model_inheritance.models,3
modeltests.model_inheritance_same_model_name.models,1
django.contrib.gis,334
django.test.utils,8
django.forms.extras,1
django.utils.formats,8
django.utils.importlib,1
django.utils.numberformat,1
django.core.mail,30
django.middleware.cache,3
django.utils.cache,9
django.utils.hashcompat,3
regressiontests.cache.models,2
django.forms.util,3
django.utils.datastructures,6
django.forms.widgets,8
regressiontests.forms.models,8
regressiontests.forms.localflavortests,32
django.middleware.doc,1
django.utils.tzinfo,2
django.utils.timesince,2
django.utils.dateformat,3
django.utils.termcolors,8
django.utils.datetime_safe,2
django.utils.copycompat,2
django.utils.module_loading,1
regressiontests.views.models,4
regressiontests.views.urls,2
django.views.debug,2
regressiontests.views,3
regressiontests.bug639.models,3
regressiontests.null_fk,1
django.core.handlers,7
django.core.servers,9
regressiontests.backends,1
django.utils.html,14
regressiontests.templates,1
django.template.loaders,6
django.template.smartif,2
django.middleware.csrf,5
django.core.context_processors,2
django.contrib.formtools,7
django.middleware.common,1
django.middleware.http,1
regressiontests.max_lengths.models,2
django.contrib.syndication,7
django.utils.feedgenerator,4
django.http.multipartparser,1
regressiontests.null_queries,1
django.contrib.comments,14
regressiontests.comment_tests.models,4
regressiontests.comment_tests.tests,11
regressiontests.comment_tests,1
regressiontests.comment_tests.custom_comments,2
regressiontests.extra_regress.models,3
regressiontests.generic_views.models,4
regressiontests.generic_views,1
regressiontests.generic_views.views,1
regressiontests.generic_views.base,3
regressiontests.generic_views.dates,6
regressiontests.generic_views.detail,1
regressiontests.generic_views.edit,4
regressiontests.generic_views.list,1
django.views,3
regressiontests.generic_views.forms,1
regressiontests.string_lookup.models,6
regressiontests.inline_formsets.models,5
regressiontests.model_permalink.models,1
regressiontests.signals_regress.models,2
regressiontests.null_fk_ordering,1
django.test.client,4
django.contrib.staticfiles,10
regressiontests.one_to_one_regress,1
regressiontests.expressions_regress.models,2
django.db.transaction,3
django.core.signals,2
regressiontests.reverse_single_related,1
regressiontests.select_related_regress,1
django.utils.itercompat,4
django.utils.log,1
django.utils.synch,1
django.utils.daemonize,1
django.utils.xmlutils,1
django.utils.regex_helper,1
django.test.testcases,7
django.utils.dates,6
django.conf.locale,2
django.utils.dictconfig,1
django.utils.simplejson,3
django.core.xheaders,1
django.middleware.gzip,1
django.contrib.sitemaps,5
django.views.i18n,2
django.templatetags.static,1
django.contrib.flatpages,8
django.contrib.admindocs,2
django.contrib.redirects,1
django.contrib.webdesign,3
django.contrib.databrowse,9
django.forms.fields,5
django.utils.checksums,1
django.dispatch.dispatcher,5
django.template.base,55
django.template.defaulttags,5
regressiontests.admin_changelist.models,2
django.utils.thread_support,1
leaves,2
splinter.browser,1
south.management.commands,1
fuzzywuzzy,1
IPython.core.debugger,1
IPython.Debugger,1
subunit.iso8601,1
django.utils.timezone,3
model_utils.managers,1
meyectl,1
motionctl,1
diskctl,1
powerctl,1
uploadservices,1
v4l2ctl,1
wifictl,1
tzctl,1
smbctl,1
template,1
mediafiles,1
cleanup,1
mjpgclient,1
wsswitch,1
platformupdate,1
server,1
sendmail,1
sendtelegram,1
webhook,1
mmalctl,1
prefs,1
remote,1
tornado.iostream,1
mimerender,1
mongoengine.context_managers,1
mongoengine.errors,1
flask_mongoengine,2
cleancat,2
cleancat.mongo,2
mongoengine.base.proxy,1
esky,2
pymclevel,25
squash_python,1
pymclevel.level,1
pymclevel.materials,2
pymclevel.mclevelbase,1
pymclevel.minecraft_server,3
pymclevel.box,3
pymclevel.pocket,1
numpy.core.umath,1
mcedit,1
pymclevel.infiniteworld,1
config_handler,1
calculators,1
boto.dynamodb2.table,1
retrying,1
yaml.representer,2
word2vec,1
tensorflow.contrib.crf,2
bert,3
bi_lstm,1
certbot,2
certbot.plugins,1
acme,1
protocol,3
state,2
helper_sent,1
helper_addressbook,1
bitmessageqt,3
helper_inbox,1
proofofwork,2
queues,12
shared,2
shutdown,1
l10n,2
addresses,8
asyncore_pollchoose,1
connectionpool,2
helper_random,3
knownnodes,1
qrcode,1
pycanberra,1
tr,1
helper_startup,4
highlevelcrypto,1
pyelliptic,6
prctl,1
qidenticon,1
account,9
namecoin,1
settingsmixin,2
helper_search,1
sound,1
bitmessage_icons_rc,1
openclpow,2
upnp,1
pyopencl,1
win32process,2
helper_sql,7
pathmagic,1
depends,1
bitmessagecurses,1
messagetypes,1
umsgpack,1
fallback.umsgpack,1
helper_msgcoding,3
helper_bitcoin,1
collectd,1
pybloom,1
pybloomfilter,1
class_addressGenerator,2
bmconfigparser,1
network.bmproto,1
network.connectionpool,1
network.node,2
network.tcp,3
xvfbwrapper,1
inventory,1
network.threads,1
defusedxml.xmlrpc,1
jsonrpclib.SimpleJSONRPCServer,1
bitmessagemain,1
network.advanceddispatcher,2
network.assemble,1
network.constants,6
network.dandelion,1
network.objectracker,1
network.socks4a,1
network.socks5,1
network.tls,1
node,2
bmproto,1
objectracker,2
advanceddispatcher,1
socks5,2
socks4a,2
tls,1
network.bmobject,7
network.proxy,1
randomtrackingdict,1
addrthread,1
announcethread,1
dandelion,1
downloadthread,1
invthread,1
networkthread,1
receivequeuethread,1
threads,10
uploadthread,1
singleton,1
connectionchooser,1
xdg,2
multiqueue,1
fallback,1
pyelliptic.openssl,1
class_objectProcessor,1
class_singleCleaner,1
class_singleWorker,1
class_sqlThread,1
network.knownnodes,2
addressbook,1
bitmessageqt.support,1
pydenticon,1
helper_ackPayload,1
address_dialogs,6
newchandialog,1
foldertree,10
bitmessageui,1
messageview,1
migrationwizard,1
network.stats,2
uisignaler,1
statusbar,1
plugins.plugin,2
network.asyncore_pollchoose,1
retranslateui,1
PyQt4.QtCore,2
safehtmlparser,1
messagecompose,1
networkstatus,1
blacklist,1
addressvalidator,2
telenium.tests,1
telenium.client,1
kivy.app,1
kivy.uix.label,1
dialog,1
testmode_init,1
singleinstance,1
class_smtpDeliver,1
class_smtpServer,1
colorthief,1
fuse,2
fix_deps,1
parso,1
capstone,2
codegen,1
libvmi,3
rdflib.plugins,2
rdflib.plugins.parsers,8
rdflib.plugins.serializers,7
rdflib.plugins.sparql,6
rdflib.plugins.stores,3
pyxpress,1
pytsk3,1
acora,1
portpicker,1
sseclient,1
ko_patcher,1
rekall_agent,18
manuskript,5
manuskript.plugins.plaintext,1
manuskript.plugins.markdown,1
manuskript.plugins.pythoncall,1
manuskript.plugins.shell,1
rekall_gui.plugins.webconsole,1
Crypto.Signature,1
rekall_agent.config,1
rekall_agent.locations,3
pyaff4,10
efilter.protocols,8
efilter,5
efilter.transforms,2
pypykatz.pypykatz,1
pypykatz.commons.readers,1
pypykatz.commons,1
elftools.dwarf,6
elftools.common.py3compat,1
elftools.dwarf.descriptions,1
artifacts,2
parso.python,1
parsedatetime.pdt_locales,8
IPython.core.interactiveshell,1
IPython.terminal,2
traitlets.config.loader,1
IPython.config.loader,1
rekall_agent.client_actions,7
rekall_agent.flows,4
rekall_agent.messages,2
rekall_agent.servers,2
rekall_agent.policies,2
dirichlet_likelihood,1
embed_mixture,1
negative_sampling,1
spacy.en,1
spacy.attrs,3
alabaster,1
pytest_httpbin,1
pytest_localserver,1
youcanimportme,1
test_update,3
channels,2
channels.sessions,1
execjs,1
jsx,1
source,1
pipeline.compilers,1
pipeline.exceptions,1
sentencepiece,1
hparams,1
hyperparams,1
nltk.translate.bleu_score,1
django_tables2,1
django_auth_ldap,1
rest_framework,5
rest_framework.test,1
elasticsearch.exceptions,2
csp.decorators,1
dbbackup.dbcommands,1
dbbackup.storage.base,1
dbbackup.utils,1
django.db.migrations,1
idstools,1
rest_framework.response,1
rest_framework.utils.urls,2
rest_framework.views,1
rest_framework.validators,1
rest_framework.decorators,1
django_filters.rest_framework,1
rest_framework.filters,2
rest_framework.exceptions,3
rest_framework.routers,2
rest_framework.parsers,2
rest_framework.mixins,2
rest_framework.permissions,2
django_filters,1
webpack_loader.loader,1
south.utils,1
revproxy.views,1
rest_framework.pagination,1
rest_framework.authtoken.models,1
ipware.ip,1
pyqrcode,1
tensorflow.python.eager,1
statsmodels.tsa.vector_ar,1
accounts,1
Levenshtein,1
dirsync,1
staticpages,1
pootle_app.models,3
translate.storage,4
pootle_store,3
jsonfield,1
pootle_project,1
sortedm2m,1
bleach,1
syspath_override,1
factory,1
sphinx.util.nodes,1
pygson.json_lexer,1
translate.__version__,2
translate.storage.statsdb,1
translate.misc.multistring,1
pootle_project.models,5
pootle_store.models,8
pootle_translationproject.models,1
pootle_data.models,4
accounts.models,1
pootle_config.utils,4
pootle_language.models,1
babel.dates,1
babel.support,1
pootle_checks.constants,5
pootle_checks.utils,8
translate.misc,1
pootle_app.models.permissions,6
pootle_store.forms,4
pootle_comment.delegate,1
pootle_comment.models,1
pootle_comment.forms,2
contact.forms,2
pootle_app.forms,4
pootle_format.models,2
pootle_misc.forms,3
virtualfolder.delegate,2
virtualfolder.models,1
virtualfolder.utils,2
pootle_comment,1
pootle_statistics.models,5
pootle_store.constants,11
pootle_store.views,4
pootle_app.views.admin,3
pootle_fs.delegate,5
pootle_fs.presets,1
pootle_store.unit.timeline,6
pootle_store.util,2
pootle_app.models.directory,1
translate.storage.factory,1
translate.storage.pypo,1
pootle_fs.utils,5
pootle_store.syncer,2
allauth.account.models,1
pootle_config.exceptions,1
pootle_format.exceptions,1
pootle_format.formats.po,1
pootle_store.diff,2
pootle_config.delegate,2
pootle_config.models,1
pootle_format.default,1
pootle_format.registry,1
translate.lang.data,2
pootle_fs.files,1
pootle_fs.models,1
staticpages.models,3
translate.filters,1
pootle_store.getters,1
pootle_store.unit.filters,6
pootle_store.unit.search,1
allauth.account.adapter,2
pootle_app.management.commands,7
pootle_fs.plugin,1
virtualfolder.display,1
virtualfolder.views,2
pootle_fs.display,10
pootle_fs.management.commands,3
pootle_fs.apps,1
pootle_fs.finder,2
pootle_fs.exceptions,4
pootle_fs.matcher,1
pootle_fs.response,3
pootle_fs.state,3
pootle_project.lang_mapper,1
pootle_fs.signals,4
pootle_fs.localfs,2
pootle_fs.resources,2
pootle_fs.decorators,2
pootle_app.views.index,3
pootle_score.display,1
pootle_log.utils,7
pootle_statistics.proxy,1
pootle_statistics.utils,1
pootle_data.apps,1
pootle_data.store_data,3
pootle_data.utils,2
translate.filters.decorators,1
pootle_data.tp_data,2
stemming.porter2,1
pootle_word.utils,2
pootle_word.models,1
accounts.proxy,1
pootle_score.apps,1
pootle_score.models,2
pootle_score.utils,6
pootle_score,1
pootle_score.updater,3
pootle_store.utils,2
pootle_store.fields,1
pootle_store.contextmanagers,1
import_export.utils,2
import_export.exceptions,2
pootle_profile.utils,2
pootle_profile.views,1
pootle_project.forms,1
pootle_project.utils,1
pootle_misc.util,4
pootle_project.views,2
pootle_app.panels,1
pootle_language.forms,3
pootle_language.teams,1
pootle_language.views,3
pootle_revision.utils,1
pootle_terminology.utils,1
pootle_translationproject.utils,2
pootle_translationproject.views,3
virtualfolder.panels,1
pootle_translationproject.contextmanagers,1
contact_form.forms,1
contact_form.views,1
allauth.account,1
allauth.account.app_settings,1
allauth.account.forms,1
allauth.account.utils,1
allauth.account.views,1
allauth.socialaccount.models,1
accounts.utils,2
django.utils.lru_cache,1
allauth.exceptions,1
allauth.socialaccount,1
allauth.socialaccount.adapter,1
bulk_update.helper,1
django.forms.utils,1
django_rq.queues,2
django_rq.workers,1
django.core.checks,1
pootle_misc.baseurl,1
pootle_revision.models,1
django_assets,2
django_redis,1
translate.filters.checks,5
pootle_store.templatetags.store_tags,2
pootle_store.unit.proxy,1
translate.lang,2
pootle_store.unit,2
jsonfield.fields,1
pootle_store.urls,1
pootle_store.unit.results,2
django_comments.forms,1
django_comments.abstracts,1
pootle_translationproject.signals,2
sortedm2m.fields,1
pootle_format.utils,1
import_export.views,1
django.template.engine,1
django.views.defaults,3
lxml.html.clean,1
delegate,2
dirsync.syncer,1
dj,1
django.utils.deprecation,1
raven.contrib.django,1
translate.lang.factory,1
download_pic,1
scrapy.spiders,1
test_versions,1
test_files,1
mpyq,2
toml,1
data_loader,3
bnorm,1
